日付,カテゴリ,製品ID,製品名,型番,区分,容量,店舗,購入可能価格(税込),在庫状況,購入可否,商品URL,備考
2026-10-09,GPU,gpu-sapphire-pulse-rx-9060-xt-8gb,Sapphire PULSE RX 9060 XT 8GB,11350-04-20G,RX 9060 XT,8GB,アーク,,在庫なし,購入不可,https://www.ark-pc.co.jp/i/20107666/,
2026-10-09,GPU,gpu-sapphire-pulse-rx-9060-xt-8gb,Sapphire PULSE RX 9060 XT 8GB,11350-04-20G,RX 9060 XT,8GB,ツクモ,90800,在庫あり,購入可,https://shop.tsukumo.co.jp/goods/4537694369916/,
2026-10-09,GPU,gpu-sapphire-pulse-rx-9060-xt-8gb,Sapphire PULSE RX 9060 XT 8GB,11350-04-20G,RX 9060 XT,8GB,ドスパラ,,在庫なし,購入不可,https://www.dospara.co.jp/SBR1891/IC528548.html,通販の商品購入欄を確認。店頭在庫と区別
2026-10-09,GPU,gpu-sapphire-pulse-rx-9060-xt-8gb,Sapphire PULSE RX 9060 XT 8GB,11350-04-20G,RX 9060 XT,8GB,パソコン工房,,確認できず,未確認,,店舗通販検索・追加検索で容量と型番が一致する新品の商品URLを特定できず。取扱なし・販売終了とは断定していない
2026-10-09,GPU,gpu-sapphire-pulse-rx-9060-xt-8gb,Sapphire PULSE RX 9060 XT 8GB,11350-04-20G,RX 9060 XT,8GB,アプライド,,確認できず,未確認,,公式Radeon9000シリーズ内のRX9060XT掲載0件を確認。各型番の取扱終了・店頭在庫は未確認
2026-10-09,GPU,gpu-sapphire-pulse-rx-9060-xt-16gb,Sapphire PULSE RX 9060 XT 16GB,11350-03-20G,RX 9060 XT,16GB,アーク,,在庫なし,購入不可,https://www.ark-pc.co.jp/i/20107665/,
2026-10-09,GPU,gpu-sapphire-pulse-rx-9060-xt-16gb,Sapphire PULSE RX 9060 XT 16GB,11350-03-20G,RX 9060 XT,16GB,ツクモ,109800,在庫限り,購入可,https://shop.tsukumo.co.jp/goods/4537694369879/,
2026-10-09,GPU,gpu-sapphire-pulse-rx-9060-xt-16gb,Sapphire PULSE RX 9060 XT 16GB,11350-03-20G,RX 9060 XT,16GB,ドスパラ,,在庫なし,購入不可,https://www.dospara.co.jp/SBR1891/IC528546.html,通販の商品購入欄を確認。店頭在庫と区別
2026-10-09,GPU,gpu-sapphire-pulse-rx-9060-xt-16gb,Sapphire PULSE RX 9060 XT 16GB,11350-03-20G,RX 9060 XT,16GB,パソコン工房,,確認できず,未確認,,店舗通販検索・追加検索で容量と型番が一致する新品の商品URLを特定できず。取扱なし・販売終了とは断定していない
2026-10-09,GPU,gpu-sapphire-pulse-rx-9060-xt-16gb,Sapphire PULSE RX 9060 XT 16GB,11350-03-20G,RX 9060 XT,16GB,アプライド,,確認できず,未確認,,公式Radeon9000シリーズ内のRX9060XT掲載0件を確認。各型番の取扱終了・店頭在庫は未確認
2026-10-09,GPU,gpu-sapphire-pure-rx-9060-xt-8gb,Sapphire PURE RX 9060 XT 8GB,,RX 9060 XT,8GB,アーク,,確認できず,未確認,,PURE 8GBの公式製品・型番・対象5店舗の販売を確認できず。調査区分として保持し16GB価格は流用しない
2026-10-09,GPU,gpu-sapphire-pure-rx-9060-xt-8gb,Sapphire PURE RX 9060 XT 8GB,,RX 9060 XT,8GB,ツクモ,,確認できず,未確認,,PURE 8GBの公式製品・型番・対象5店舗の販売を確認できず。調査区分として保持し16GB価格は流用しない
2026-10-09,GPU,gpu-sapphire-pure-rx-9060-xt-8gb,Sapphire PURE RX 9060 XT 8GB,,RX 9060 XT,8GB,ドスパラ,,確認できず,未確認,,PURE 8GBの公式製品・型番・対象5店舗の販売を確認できず。調査区分として保持し16GB価格は流用しない
2026-10-09,GPU,gpu-sapphire-pure-rx-9060-xt-8gb,Sapphire PURE RX 9060 XT 8GB,,RX 9060 XT,8GB,パソコン工房,,確認できず,未確認,,PURE 8GBの公式製品・型番・対象5店舗の販売を確認できず。調査区分として保持し16GB価格は流用しない
2026-10-09,GPU,gpu-sapphire-pure-rx-9060-xt-8gb,Sapphire PURE RX 9060 XT 8GB,,RX 9060 XT,8GB,アプライド,,確認できず,未確認,,PURE 8GBの公式製品・型番・対象5店舗の販売を確認できず。調査区分として保持し16GB価格は流用しない
2026-10-09,GPU,gpu-sapphire-pure-rx-9060-xt-16gb,Sapphire PURE RX 9060 XT 16GB,11350-02-20G,RX 9060 XT,16GB,アーク,,在庫なし,購入不可,https://www.ark-pc.co.jp/i/20107664/,
2026-10-09,GPU,gpu-sapphire-pure-rx-9060-xt-16gb,Sapphire PURE RX 9060 XT 16GB,11350-02-20G,RX 9060 XT,16GB,ツクモ,,在庫なし,購入不可,https://shop.tsukumo.co.jp/goods/4537694369909/,
2026-10-09,GPU,gpu-sapphire-pure-rx-9060-xt-16gb,Sapphire PURE RX 9060 XT 16GB,11350-02-20G,RX 9060 XT,16GB,ドスパラ,,在庫なし,購入不可,https://www.dospara.co.jp/SBR1891/IC528545.html,通販の商品購入欄を確認。店頭在庫と区別
2026-10-09,GPU,gpu-sapphire-pure-rx-9060-xt-16gb,Sapphire PURE RX 9060 XT 16GB,11350-02-20G,RX 9060 XT,16GB,パソコン工房,,確認できず,未確認,,店舗通販検索・追加検索で容量と型番が一致する新品の商品URLを特定できず。取扱なし・販売終了とは断定していない
2026-10-09,GPU,gpu-sapphire-pure-rx-9060-xt-16gb,Sapphire PURE RX 9060 XT 16GB,11350-02-20G,RX 9060 XT,16GB,アプライド,,確認できず,未確認,,公式Radeon9000シリーズ内のRX9060XT掲載0件を確認。各型番の取扱終了・店頭在庫は未確認
2026-10-09,GPU,gpu-asus-dual-rx-9060-xt-8gb,ASUS DUAL RX 9060 XT 8GB,DUAL-RX9060XT-8G,RX 9060 XT,8GB,アーク,101981,在庫あり,購入可,https://www.ark-pc.co.jp/i/20107674/,
2026-10-09,GPU,gpu-asus-dual-rx-9060-xt-8gb,ASUS DUAL RX 9060 XT 8GB,DUAL-RX9060XT-8G,RX 9060 XT,8GB,ツクモ,,在庫なし,購入不可,https://shop.tsukumo.co.jp/goods/0197105994263/,
2026-10-09,GPU,gpu-asus-dual-rx-9060-xt-8gb,ASUS DUAL RX 9060 XT 8GB,DUAL-RX9060XT-8G,RX 9060 XT,8GB,ドスパラ,,在庫なし,購入不可,https://www.dospara.co.jp/SBR1891/IC528412.html,通販の商品購入欄を確認。店頭在庫と区別
2026-10-09,GPU,gpu-asus-dual-rx-9060-xt-8gb,ASUS DUAL RX 9060 XT 8GB,DUAL-RX9060XT-8G,RX 9060 XT,8GB,パソコン工房,,確認できず,未確認,,店舗通販検索・追加検索で容量と型番が一致する新品の商品URLを特定できず。取扱なし・販売終了とは断定していない
2026-10-09,GPU,gpu-asus-dual-rx-9060-xt-8gb,ASUS DUAL RX 9060 XT 8GB,DUAL-RX9060XT-8G,RX 9060 XT,8GB,アプライド,,確認できず,未確認,,公式Radeon9000シリーズ内のRX9060XT掲載0件を確認。各型番の取扱終了・店頭在庫は未確認
2026-10-09,GPU,gpu-asus-dual-rx-9060-xt-16gb,ASUS DUAL RX 9060 XT 16GB,DUAL-RX9060XT-16G,RX 9060 XT,16GB,アーク,,在庫なし,購入不可,https://www.ark-pc.co.jp/i/20107719/,
2026-10-09,GPU,gpu-asus-dual-rx-9060-xt-16gb,ASUS DUAL RX 9060 XT 16GB,DUAL-RX9060XT-16G,RX 9060 XT,16GB,ツクモ,142980,在庫あり,購入可,https://shop.tsukumo.co.jp/goods/0199291196766/,
2026-10-09,GPU,gpu-asus-dual-rx-9060-xt-16gb,ASUS DUAL RX 9060 XT 16GB,DUAL-RX9060XT-16G,RX 9060 XT,16GB,ドスパラ,96800,24時間以内に出荷,購入可,https://www.dospara.co.jp/SBR1891/IC558789.html,通販の商品購入欄を確認。店頭在庫と区別
2026-10-09,GPU,gpu-asus-dual-rx-9060-xt-16gb,ASUS DUAL RX 9060 XT 16GB,DUAL-RX9060XT-16G,RX 9060 XT,16GB,パソコン工房,,確認できず,未確認,,店舗通販検索・追加検索で容量と型番が一致する新品の商品URLを特定できず。取扱なし・販売終了とは断定していない
2026-10-09,GPU,gpu-asus-dual-rx-9060-xt-16gb,ASUS DUAL RX 9060 XT 16GB,DUAL-RX9060XT-16G,RX 9060 XT,16GB,アプライド,,確認できず,未確認,,公式Radeon9000シリーズ内のRX9060XT掲載0件を確認。各型番の取扱終了・店頭在庫は未確認
2026-10-09,GPU,gpu-powercolor-reaper-rx-9060-xt-8gb,PowerColor Reaper RX 9060 XT 8GB,RX9060XT 8G-A,RX 9060 XT,8GB,アーク,,在庫なし,購入不可,https://www.ark-pc.co.jp/i/20107678/,
2026-10-09,GPU,gpu-powercolor-reaper-rx-9060-xt-8gb,PowerColor Reaper RX 9060 XT 8GB,RX9060XT 8G-A,RX 9060 XT,8GB,ツクモ,,在庫なし,購入不可,https://shop.tsukumo.co.jp/goods/4713436175988/,
2026-10-09,GPU,gpu-powercolor-reaper-rx-9060-xt-8gb,PowerColor Reaper RX 9060 XT 8GB,RX9060XT 8G-A,RX 9060 XT,8GB,ドスパラ,,在庫なし,購入不可,https://www.dospara.co.jp/SBR1891/IC528542.html,通販の商品購入欄を確認。店頭在庫と区別
2026-10-09,GPU,gpu-powercolor-reaper-rx-9060-xt-8gb,PowerColor Reaper RX 9060 XT 8GB,RX9060XT 8G-A,RX 9060 XT,8GB,パソコン工房,,確認できず,未確認,,店舗通販検索・追加検索で容量と型番が一致する新品の商品URLを特定できず。取扱なし・販売終了とは断定していない
2026-10-09,GPU,gpu-powercolor-reaper-rx-9060-xt-8gb,PowerColor Reaper RX 9060 XT 8GB,RX9060XT 8G-A,RX 9060 XT,8GB,アプライド,,確認できず,未確認,,公式Radeon9000シリーズ内のRX9060XT掲載0件を確認。各型番の取扱終了・店頭在庫は未確認
2026-10-09,GPU,gpu-powercolor-reaper-rx-9060-xt-16gb,PowerColor Reaper RX 9060 XT 16GB,RX9060XT 16G-A,RX 9060 XT,16GB,アーク,,在庫なし,購入不可,https://www.ark-pc.co.jp/i/20107676/,
2026-10-09,GPU,gpu-powercolor-reaper-rx-9060-xt-16gb,PowerColor Reaper RX 9060 XT 16GB,RX9060XT 16G-A,RX 9060 XT,16GB,ツクモ,,在庫なし,購入不可,https://shop.tsukumo.co.jp/goods/4713436175964/,
2026-10-09,GPU,gpu-powercolor-reaper-rx-9060-xt-16gb,PowerColor Reaper RX 9060 XT 16GB,RX9060XT 16G-A,RX 9060 XT,16GB,ドスパラ,,在庫なし,購入不可,https://www.dospara.co.jp/SBR1891/IC528540.html,通販の商品購入欄を確認。店頭在庫と区別
2026-10-09,GPU,gpu-powercolor-reaper-rx-9060-xt-16gb,PowerColor Reaper RX 9060 XT 16GB,RX9060XT 16G-A,RX 9060 XT,16GB,パソコン工房,92801,当日出荷,購入可,https://www.pc-koubou.jp/products/detail.php?product_id=1153438,
2026-10-09,GPU,gpu-powercolor-reaper-rx-9060-xt-16gb,PowerColor Reaper RX 9060 XT 16GB,RX9060XT 16G-A,RX 9060 XT,16GB,アプライド,,確認できず,未確認,,公式Radeon9000シリーズ内のRX9060XT掲載0件を確認。各型番の取扱終了・店頭在庫は未確認
2026-10-09,GPU,gpu-powercolor-hellhound-rx-9060-xt-8gb,PowerColor Hellhound RX 9060 XT 8GB,RX9060XT 8G-L/OC,RX 9060 XT,8GB,アーク,,確認できず,未確認,,店舗通販検索・追加検索で容量と型番が一致する新品の商品URLを特定できず。取扱なし・販売終了とは断定していない
2026-10-09,GPU,gpu-powercolor-hellhound-rx-9060-xt-8gb,PowerColor Hellhound RX 9060 XT 8GB,RX9060XT 8G-L/OC,RX 9060 XT,8GB,ツクモ,,在庫なし,購入不可,https://shop.tsukumo.co.jp/goods/4713436175971/,
2026-10-09,GPU,gpu-powercolor-hellhound-rx-9060-xt-8gb,PowerColor Hellhound RX 9060 XT 8GB,RX9060XT 8G-L/OC,RX 9060 XT,8GB,ドスパラ,,在庫なし,購入不可,https://www.dospara.co.jp/SBR1891/IC528541.html,通販の商品購入欄を確認。店頭在庫と区別
2026-10-09,GPU,gpu-powercolor-hellhound-rx-9060-xt-8gb,PowerColor Hellhound RX 9060 XT 8GB,RX9060XT 8G-L/OC,RX 9060 XT,8GB,パソコン工房,,確認できず,未確認,,店舗通販検索・追加検索で容量と型番が一致する新品の商品URLを特定できず。取扱なし・販売終了とは断定していない
2026-10-09,GPU,gpu-powercolor-hellhound-rx-9060-xt-8gb,PowerColor Hellhound RX 9060 XT 8GB,RX9060XT 8G-L/OC,RX 9060 XT,8GB,アプライド,,確認できず,未確認,,公式Radeon9000シリーズ内のRX9060XT掲載0件を確認。各型番の取扱終了・店頭在庫は未確認
2026-10-09,GPU,gpu-powercolor-hellhound-rx-9060-xt-16gb,PowerColor Hellhound RX 9060 XT 16GB,RX9060XT 16G-L/OC,RX 9060 XT,16GB,アーク,,在庫なし,購入不可,https://www.ark-pc.co.jp/i/20107675/,
2026-10-09,GPU,gpu-powercolor-hellhound-rx-9060-xt-16gb,PowerColor Hellhound RX 9060 XT 16GB,RX9060XT 16G-L/OC,RX 9060 XT,16GB,ツクモ,,在庫なし,購入不可,https://shop.tsukumo.co.jp/goods/4713436175957/,
2026-10-09,GPU,gpu-powercolor-hellhound-rx-9060-xt-16gb,PowerColor Hellhound RX 9060 XT 16GB,RX9060XT 16G-L/OC,RX 9060 XT,16GB,ドスパラ,,在庫なし,購入不可,https://www.dospara.co.jp/SBR1891/IC528539.html,通販の商品購入欄を確認。店頭在庫と区別
2026-10-09,GPU,gpu-powercolor-hellhound-rx-9060-xt-16gb,PowerColor Hellhound RX 9060 XT 16GB,RX9060XT 16G-L/OC,RX 9060 XT,16GB,パソコン工房,129000,当日出荷,購入可,https://www.pc-koubou.jp/products/detail.php?product_id=1153437,
2026-10-09,GPU,gpu-powercolor-hellhound-rx-9060-xt-16gb,PowerColor Hellhound RX 9060 XT 16GB,RX9060XT 16G-L/OC,RX 9060 XT,16GB,アプライド,,確認できず,未確認,,公式Radeon9000シリーズ内のRX9060XT掲載0件を確認。各型番の取扱終了・店頭在庫は未確認
2026-10-09,GPU,gpu-rd-rx9060xt-e8gb-df-rx-9060-xt-8gb,玄人志向 RD-RX9060XT-E8GB/DF RX 9060 XT 8GB,RD-RX9060XT-E8GB/DF,RX 9060 XT,8GB,アーク,,確認できず,未確認,,店舗通販検索・追加検索で容量と型番が一致する新品の商品URLを特定できず。取扱なし・販売終了とは断定していない
2026-10-09,GPU,gpu-rd-rx9060xt-e8gb-df-rx-9060-xt-8gb,玄人志向 RD-RX9060XT-E8GB/DF RX 9060 XT 8GB,RD-RX9060XT-E8GB/DF,RX 9060 XT,8GB,ツクモ,,在庫なし,購入不可,https://shop.tsukumo.co.jp/goods/4988755073073/,
2026-10-09,GPU,gpu-rd-rx9060xt-e8gb-df-rx-9060-xt-8gb,玄人志向 RD-RX9060XT-E8GB/DF RX 9060 XT 8GB,RD-RX9060XT-E8GB/DF,RX 9060 XT,8GB,ドスパラ,,在庫なし,購入不可,https://www.dospara.co.jp/SBR1891/IC528536.html,通販の商品購入欄を確認。店頭在庫と区別
2026-10-09,GPU,gpu-rd-rx9060xt-e8gb-df-rx-9060-xt-8gb,玄人志向 RD-RX9060XT-E8GB/DF RX 9060 XT 8GB,RD-RX9060XT-E8GB/DF,RX 9060 XT,8GB,パソコン工房,,確認できず,未確認,,店舗通販検索・追加検索で容量と型番が一致する新品の商品URLを特定できず。取扱なし・販売終了とは断定していない
2026-10-09,GPU,gpu-rd-rx9060xt-e8gb-df-rx-9060-xt-8gb,玄人志向 RD-RX9060XT-E8GB/DF RX 9060 XT 8GB,RD-RX9060XT-E8GB/DF,RX 9060 XT,8GB,アプライド,,確認できず,未確認,,公式Radeon9000シリーズ内のRX9060XT掲載0件を確認。各型番の取扱終了・店頭在庫は未確認
2026-10-09,GPU,gpu-rd-rx9060xt-e16gb-df-rx-9060-xt-16gb,玄人志向 RD-RX9060XT-E16GB/DF RX 9060 XT 16GB,RD-RX9060XT-E16GB/DF,RX 9060 XT,16GB,アーク,,取扱終了,購入不可,https://www.ark-pc.co.jp/i/20107681/,
2026-10-09,GPU,gpu-rd-rx9060xt-e16gb-df-rx-9060-xt-16gb,玄人志向 RD-RX9060XT-E16GB/DF RX 9060 XT 16GB,RD-RX9060XT-E16GB/DF,RX 9060 XT,16GB,ツクモ,,完売,購入不可,https://shop.tsukumo.co.jp/goods/4988755073080/,
2026-10-09,GPU,gpu-rd-rx9060xt-e16gb-df-rx-9060-xt-16gb,玄人志向 RD-RX9060XT-E16GB/DF RX 9060 XT 16GB,RD-RX9060XT-E16GB/DF,RX 9060 XT,16GB,ドスパラ,,在庫なし,購入不可,https://www.dospara.co.jp/SBR1891/IC528535.html,通販の商品購入欄を確認。店頭在庫と区別
2026-10-09,GPU,gpu-rd-rx9060xt-e16gb-df-rx-9060-xt-16gb,玄人志向 RD-RX9060XT-E16GB/DF RX 9060 XT 16GB,RD-RX9060XT-E16GB/DF,RX 9060 XT,16GB,パソコン工房,,確認できず,未確認,,店舗通販検索・追加検索で容量と型番が一致する新品の商品URLを特定できず。取扱なし・販売終了とは断定していない
2026-10-09,GPU,gpu-rd-rx9060xt-e16gb-df-rx-9060-xt-16gb,玄人志向 RD-RX9060XT-E16GB/DF RX 9060 XT 16GB,RD-RX9060XT-E16GB/DF,RX 9060 XT,16GB,アプライド,,確認できず,未確認,,公式Radeon9000シリーズ内のRX9060XT掲載0件を確認。各型番の取扱終了・店頭在庫は未確認
2026-10-09,GPU,gpu-asus-prime-oc-rx-9060-xt-8gb,ASUS PRIME OC RX 9060 XT 8GB,PRIME-RX9060XT-O8G,RX 9060 XT,8GB,アーク,,在庫なし,購入不可,https://www.ark-pc.co.jp/i/20107673/,
2026-10-09,GPU,gpu-asus-prime-oc-rx-9060-xt-8gb,ASUS PRIME OC RX 9060 XT 8GB,PRIME-RX9060XT-O8G,RX 9060 XT,8GB,ツクモ,103980,在庫わずか,購入可,https://shop.tsukumo.co.jp/goods/0197105994188/,
2026-10-09,GPU,gpu-asus-prime-oc-rx-9060-xt-8gb,ASUS PRIME OC RX 9060 XT 8GB,PRIME-RX9060XT-O8G,RX 9060 XT,8GB,ドスパラ,,在庫なし,購入不可,https://www.dospara.co.jp/SBR1891/IC528411.html,通販の商品購入欄を確認。店頭在庫と区別
2026-10-09,GPU,gpu-asus-prime-oc-rx-9060-xt-8gb,ASUS PRIME OC RX 9060 XT 8GB,PRIME-RX9060XT-O8G,RX 9060 XT,8GB,パソコン工房,,確認できず,未確認,,店舗通販検索・追加検索で容量と型番が一致する新品の商品URLを特定できず。取扱なし・販売終了とは断定していない
2026-10-09,GPU,gpu-asus-prime-oc-rx-9060-xt-8gb,ASUS PRIME OC RX 9060 XT 8GB,PRIME-RX9060XT-O8G,RX 9060 XT,8GB,アプライド,,確認できず,未確認,,公式Radeon9000シリーズ内のRX9060XT掲載0件を確認。各型番の取扱終了・店頭在庫は未確認
2026-10-09,GPU,gpu-asus-prime-oc-rx-9060-xt-16gb,ASUS PRIME OC RX 9060 XT 16GB,PRIME-RX9060XT-O16G,RX 9060 XT,16GB,アーク,,在庫なし,購入不可,https://www.ark-pc.co.jp/i/20107672/,
2026-10-09,GPU,gpu-asus-prime-oc-rx-9060-xt-16gb,ASUS PRIME OC RX 9060 XT 16GB,PRIME-RX9060XT-O16G,RX 9060 XT,16GB,ツクモ,145979,在庫あり,購入可,https://shop.tsukumo.co.jp/goods/0197105994218/,
2026-10-09,GPU,gpu-asus-prime-oc-rx-9060-xt-16gb,ASUS PRIME OC RX 9060 XT 16GB,PRIME-RX9060XT-O16G,RX 9060 XT,16GB,ドスパラ,,在庫なし,購入不可,https://www.dospara.co.jp/SBR1891/IC528410.html,通販の商品購入欄を確認。店頭在庫と区別
2026-10-09,GPU,gpu-asus-prime-oc-rx-9060-xt-16gb,ASUS PRIME OC RX 9060 XT 16GB,PRIME-RX9060XT-O16G,RX 9060 XT,16GB,パソコン工房,,確認できず,未確認,https://www.pc-koubou.jp/products/detail.php?product_id=1153444,商品候補は確認したが現在ページ404。取扱終了とは断定せず
2026-10-09,GPU,gpu-asus-prime-oc-rx-9060-xt-16gb,ASUS PRIME OC RX 9060 XT 16GB,PRIME-RX9060XT-O16G,RX 9060 XT,16GB,アプライド,,確認できず,未確認,,公式Radeon9000シリーズ内のRX9060XT掲載0件を確認。各型番の取扱終了・店頭在庫は未確認
2026-10-09,GPU,gpu-asrock-challenger-oc-rx-9060-xt-8gb,ASRock Challenger OC RX 9060 XT 8GB,RX9060XT CL 8GO,RX 9060 XT,8GB,アーク,,取扱終了,購入不可,https://www.ark-pc.co.jp/i/20107662/,
2026-10-09,GPU,gpu-asrock-challenger-oc-rx-9060-xt-8gb,ASRock Challenger OC RX 9060 XT 8GB,RX9060XT CL 8GO,RX 9060 XT,8GB,ツクモ,,在庫なし,購入不可,https://shop.tsukumo.co.jp/goods/4711581490864/,
2026-10-09,GPU,gpu-asrock-challenger-oc-rx-9060-xt-8gb,ASRock Challenger OC RX 9060 XT 8GB,RX9060XT CL 8GO,RX 9060 XT,8GB,ドスパラ,,在庫なし,購入不可,https://www.dospara.co.jp/SBR1891/IC527177.html,通販の商品購入欄を確認。店頭在庫と区別
2026-10-09,GPU,gpu-asrock-challenger-oc-rx-9060-xt-8gb,ASRock Challenger OC RX 9060 XT 8GB,RX9060XT CL 8GO,RX 9060 XT,8GB,パソコン工房,,確認できず,未確認,,店舗通販検索・追加検索で容量と型番が一致する新品の商品URLを特定できず。取扱なし・販売終了とは断定していない
2026-10-09,GPU,gpu-asrock-challenger-oc-rx-9060-xt-8gb,ASRock Challenger OC RX 9060 XT 8GB,RX9060XT CL 8GO,RX 9060 XT,8GB,アプライド,,確認できず,未確認,,公式Radeon9000シリーズ内のRX9060XT掲載0件を確認。各型番の取扱終了・店頭在庫は未確認
2026-10-09,GPU,gpu-asrock-challenger-oc-rx-9060-xt-16gb,ASRock Challenger OC RX 9060 XT 16GB,RX9060XT CL 16GO,RX 9060 XT,16GB,アーク,,在庫なし,購入不可,https://www.ark-pc.co.jp/i/20107660/,
2026-10-09,GPU,gpu-asrock-challenger-oc-rx-9060-xt-16gb,ASRock Challenger OC RX 9060 XT 16GB,RX9060XT CL 16GO,RX 9060 XT,16GB,ツクモ,99800,在庫あり,購入可,https://shop.tsukumo.co.jp/goods/4711581491205/,
2026-10-09,GPU,gpu-asrock-challenger-oc-rx-9060-xt-16gb,ASRock Challenger OC RX 9060 XT 16GB,RX9060XT CL 16GO,RX 9060 XT,16GB,ドスパラ,,在庫なし,購入不可,https://www.dospara.co.jp/SBR1891/IC527175.html,通販の商品購入欄を確認。店頭在庫と区別。通常版CL 16Gの89800円はCL 16GOに流用しない
2026-10-09,GPU,gpu-asrock-challenger-oc-rx-9060-xt-16gb,ASRock Challenger OC RX 9060 XT 16GB,RX9060XT CL 16GO,RX 9060 XT,16GB,パソコン工房,,確認できず,未確認,https://www.pc-koubou.jp/products/detail.php?product_id=1153448,商品候補は確認したが現在ページ404。取扱終了とは断定せず
2026-10-09,GPU,gpu-asrock-challenger-oc-rx-9060-xt-16gb,ASRock Challenger OC RX 9060 XT 16GB,RX9060XT CL 16GO,RX 9060 XT,16GB,アプライド,,確認できず,未確認,,公式Radeon9000シリーズ内のRX9060XT掲載0件を確認。各型番の取扱終了・店頭在庫は未確認
2026-10-09,GPU,gpu-gigabyte-gaming-oc-rx-9060-xt-8gb,GIGABYTE GAMING OC RX 9060 XT 8GB,GV-R9060XTGAMING OC-8GD,RX 9060 XT,8GB,アーク,,在庫なし,購入不可,https://www.ark-pc.co.jp/i/20107684/,
2026-10-09,GPU,gpu-gigabyte-gaming-oc-rx-9060-xt-8gb,GIGABYTE GAMING OC RX 9060 XT 8GB,GV-R9060XTGAMING OC-8GD,RX 9060 XT,8GB,ツクモ,76800,在庫あり,購入可,https://shop.tsukumo.co.jp/goods/4988755072250/,
2026-10-09,GPU,gpu-gigabyte-gaming-oc-rx-9060-xt-8gb,GIGABYTE GAMING OC RX 9060 XT 8GB,GV-R9060XTGAMING OC-8GD,RX 9060 XT,8GB,ドスパラ,,在庫なし,購入不可,https://www.dospara.co.jp/SBR1891/IC528538.html,通販の商品購入欄を確認。店頭在庫と区別
2026-10-09,GPU,gpu-gigabyte-gaming-oc-rx-9060-xt-8gb,GIGABYTE GAMING OC RX 9060 XT 8GB,GV-R9060XTGAMING OC-8GD,RX 9060 XT,8GB,パソコン工房,,確認できず,未確認,,店舗通販検索・追加検索で容量と型番が一致する新品の商品URLを特定できず。取扱なし・販売終了とは断定していない
2026-10-09,GPU,gpu-gigabyte-gaming-oc-rx-9060-xt-8gb,GIGABYTE GAMING OC RX 9060 XT 8GB,GV-R9060XTGAMING OC-8GD,RX 9060 XT,8GB,アプライド,,確認できず,未確認,,公式Radeon9000シリーズ内のRX9060XT掲載0件を確認。各型番の取扱終了・店頭在庫は未確認
2026-10-09,GPU,gpu-gigabyte-gaming-oc-rx-9060-xt-16gb,GIGABYTE GAMING OC RX 9060 XT 16GB,GV-R9060XTGAMING OC-16GD,RX 9060 XT,16GB,アーク,,在庫なし,購入不可,https://www.ark-pc.co.jp/i/20107683/,商品ページを優先。検索一覧の旧セール価格73800円・在庫ありは採用せず
2026-10-09,GPU,gpu-gigabyte-gaming-oc-rx-9060-xt-16gb,GIGABYTE GAMING OC RX 9060 XT 16GB,GV-R9060XTGAMING OC-16GD,RX 9060 XT,16GB,ツクモ,,在庫なし,購入不可,https://shop.tsukumo.co.jp/goods/4988755072243/,
2026-10-09,GPU,gpu-gigabyte-gaming-oc-rx-9060-xt-16gb,GIGABYTE GAMING OC RX 9060 XT 16GB,GV-R9060XTGAMING OC-16GD,RX 9060 XT,16GB,ドスパラ,,在庫なし,購入不可,https://www.dospara.co.jp/SBR1891/IC528537.html,通販の商品購入欄を確認。店頭在庫と区別
2026-10-09,GPU,gpu-gigabyte-gaming-oc-rx-9060-xt-16gb,GIGABYTE GAMING OC RX 9060 XT 16GB,GV-R9060XTGAMING OC-16GD,RX 9060 XT,16GB,パソコン工房,,確認できず,未確認,,店舗通販検索・追加検索で容量と型番が一致する新品の商品URLを特定できず。取扱なし・販売終了とは断定していない。ICE版GV-R906XGAMINGOCICE-16GDは別型番のため参考表に分離
2026-10-09,GPU,gpu-gigabyte-gaming-oc-rx-9060-xt-16gb,GIGABYTE GAMING OC RX 9060 XT 16GB,GV-R9060XTGAMING OC-16GD,RX 9060 XT,16GB,アプライド,,確認できず,未確認,,公式Radeon9000シリーズ内のRX9060XT掲載0件を確認。各型番の取扱終了・店頭在庫は未確認
