日付,カテゴリ,製品ID,製品名,型番,区分,容量,店舗,購入可能価格(税込),在庫状況,購入可否,商品URL,備考
2026-10-09,GPU,gpu-asus-tuf-gaming-oc-rtx-5060-ti-8gb,ASUS TUF Gaming OC RTX 5060 Ti 8GB,,RTX 5060 Ti,8GB,アーク,,在庫なし,購入不可,https://www.ark-pc.co.jp/i/20107612/,VRAM 8GBを商品名／型番で確認／8GBモデル
2026-10-09,GPU,gpu-asus-tuf-gaming-oc-rtx-5060-ti-8gb,ASUS TUF Gaming OC RTX 5060 Ti 8GB,,RTX 5060 Ti,8GB,ツクモ,126800,在庫あり／24時間以内に出荷,購入可,https://shop.tsukumo.co.jp/goods/0197105994379/,VRAM 8GBを商品名／型番で確認／8GBモデル
2026-10-09,GPU,gpu-asus-tuf-gaming-oc-rtx-5060-ti-8gb,ASUS TUF Gaming OC RTX 5060 Ti 8GB,,RTX 5060 Ti,8GB,ドスパラ,,在庫なし,購入不可,https://www.dospara.co.jp/SBR1892/IC526336.html,VRAM 8GBを商品名／型番で確認／8GBモデル
2026-10-09,GPU,gpu-asus-tuf-gaming-oc-rtx-5060-ti-8gb,ASUS TUF Gaming OC RTX 5060 Ti 8GB,,RTX 5060 Ti,8GB,パソコン工房,,確認できず,未確認,,容量別に検索したが該当新品の商品ページ・価格・在庫を確定できず
2026-10-09,GPU,gpu-asus-tuf-gaming-oc-rtx-5060-ti-8gb,ASUS TUF Gaming OC RTX 5060 Ti 8GB,,RTX 5060 Ti,8GB,アプライド,,確認できず,未確認,,容量別に検索したが該当新品の商品ページ・価格・在庫を確定できず
2026-10-09,GPU,gpu-asus-tuf-gaming-oc-rtx-5060-ti-16gb,ASUS TUF Gaming OC RTX 5060 Ti 16GB,,RTX 5060 Ti,16GB,アーク,175800,在庫あり,購入可,https://www.ark-pc.co.jp/i/20107590/,VRAM 16GBを商品名／型番で確認／16GBモデル
2026-10-09,GPU,gpu-asus-tuf-gaming-oc-rtx-5060-ti-16gb,ASUS TUF Gaming OC RTX 5060 Ti 16GB,,RTX 5060 Ti,16GB,ツクモ,175800,在庫わずか／24時間以内に出荷,購入可,https://shop.tsukumo.co.jp/goods/0197105994386/,VRAM 16GBを商品名／型番で確認／16GBモデル
2026-10-09,GPU,gpu-asus-tuf-gaming-oc-rtx-5060-ti-16gb,ASUS TUF Gaming OC RTX 5060 Ti 16GB,,RTX 5060 Ti,16GB,ドスパラ,,在庫なし,購入不可,https://www.dospara.co.jp/SBR1892/IC525630.html,VRAM 16GBを商品名／型番で確認／16GBモデル
2026-10-09,GPU,gpu-asus-tuf-gaming-oc-rtx-5060-ti-16gb,ASUS TUF Gaming OC RTX 5060 Ti 16GB,,RTX 5060 Ti,16GB,パソコン工房,175800,当日出荷,購入可,https://www.pc-koubou.jp/products/detail.php?product_id=1141785,VRAM 16GBを商品名／型番で確認
2026-10-09,GPU,gpu-asus-tuf-gaming-oc-rtx-5060-ti-16gb,ASUS TUF Gaming OC RTX 5060 Ti 16GB,,RTX 5060 Ti,16GB,アプライド,,確認できず,未確認,,容量別に検索したが該当新品の商品ページ・価格・在庫を確定できず
2026-10-09,GPU,gpu-asus-prime-oc-rtx-5060-ti-8gb,ASUS PRIME OC RTX 5060 Ti 8GB,,RTX 5060 Ti,8GB,アーク,,在庫なし,購入不可,https://www.ark-pc.co.jp/i/20107613/,VRAM 8GBを商品名／型番で確認／8GBモデル
2026-10-09,GPU,gpu-asus-prime-oc-rtx-5060-ti-8gb,ASUS PRIME OC RTX 5060 Ti 8GB,,RTX 5060 Ti,8GB,ツクモ,119799,在庫あり／24時間以内に出荷,購入可,https://shop.tsukumo.co.jp/goods/0197105994201/,VRAM 8GBを商品名／型番で確認／8GBモデル
2026-10-09,GPU,gpu-asus-prime-oc-rtx-5060-ti-8gb,ASUS PRIME OC RTX 5060 Ti 8GB,,RTX 5060 Ti,8GB,ドスパラ,,在庫なし,購入不可,https://www.dospara.co.jp/SBR1892/IC526337.html,VRAM 8GBを商品名／型番で確認／8GBモデル
2026-10-09,GPU,gpu-asus-prime-oc-rtx-5060-ti-8gb,ASUS PRIME OC RTX 5060 Ti 8GB,,RTX 5060 Ti,8GB,パソコン工房,98943,当日出荷,購入可,https://www.pc-koubou.jp/products/detail.php?product_id=1141812,VRAM 8GBを商品名／型番で確認／8GBモデル
2026-10-09,GPU,gpu-asus-prime-oc-rtx-5060-ti-8gb,ASUS PRIME OC RTX 5060 Ti 8GB,,RTX 5060 Ti,8GB,アプライド,,確認できず,未確認,,容量別に検索したが該当新品の商品ページ・価格・在庫を確定できず
2026-10-09,GPU,gpu-asus-prime-oc-rtx-5060-ti-16gb,ASUS PRIME OC RTX 5060 Ti 16GB,,RTX 5060 Ti,16GB,アーク,170800,在庫あり,購入可,https://www.ark-pc.co.jp/i/20107591/,VRAM 16GBを商品名／型番で確認／16GBモデル
2026-10-09,GPU,gpu-asus-prime-oc-rtx-5060-ti-16gb,ASUS PRIME OC RTX 5060 Ti 16GB,,RTX 5060 Ti,16GB,ツクモ,,在庫なし,購入不可,https://shop.tsukumo.co.jp/goods/0197105994058/,VRAM 16GBを商品名／型番で確認／16GBモデル
2026-10-09,GPU,gpu-asus-prime-oc-rtx-5060-ti-16gb,ASUS PRIME OC RTX 5060 Ti 16GB,,RTX 5060 Ti,16GB,ドスパラ,,在庫なし,購入不可,https://www.dospara.co.jp/SBR1892/IC525631.html,VRAM 16GBを商品名／型番で確認／16GBモデル
2026-10-09,GPU,gpu-asus-prime-oc-rtx-5060-ti-16gb,ASUS PRIME OC RTX 5060 Ti 16GB,,RTX 5060 Ti,16GB,パソコン工房,169000,当日出荷,購入可,https://www.pc-koubou.jp/products/detail.php?product_id=1141786,VRAM 16GBを商品名／型番で確認
2026-10-09,GPU,gpu-asus-prime-oc-rtx-5060-ti-16gb,ASUS PRIME OC RTX 5060 Ti 16GB,,RTX 5060 Ti,16GB,アプライド,,確認できず,未確認,,容量別に検索したが該当新品の商品ページ・価格・在庫を確定できず
2026-10-09,GPU,gpu-asus-dual-oc-rtx-5060-ti-8gb,ASUS DUAL OC RTX 5060 Ti 8GB,,RTX 5060 Ti,8GB,アーク,116800,在庫あり,購入可,https://www.ark-pc.co.jp/i/20107614/,VRAM 8GBを商品名／型番で確認／8GBモデル
2026-10-09,GPU,gpu-asus-dual-oc-rtx-5060-ti-8gb,ASUS DUAL OC RTX 5060 Ti 8GB,,RTX 5060 Ti,8GB,ツクモ,116800,在庫あり／24時間以内に出荷,購入可,https://shop.tsukumo.co.jp/goods/0197105994294/,VRAM 8GBを商品名／型番で確認／8GBモデル
2026-10-09,GPU,gpu-asus-dual-oc-rtx-5060-ti-8gb,ASUS DUAL OC RTX 5060 Ti 8GB,,RTX 5060 Ti,8GB,ドスパラ,89800,在庫あり,購入可,https://www.dospara.co.jp/SBR1892/IC526339.html,VRAM 8GBを商品名／型番で確認／8GBモデル
2026-10-09,GPU,gpu-asus-dual-oc-rtx-5060-ti-8gb,ASUS DUAL OC RTX 5060 Ti 8GB,,RTX 5060 Ti,8GB,パソコン工房,108999,当日出荷,購入可,https://www.pc-koubou.jp/products/detail.php?product_id=1191294,VRAM 8GBを商品名／型番で確認／8GBモデル／ホワイトモデル
2026-10-09,GPU,gpu-asus-dual-oc-rtx-5060-ti-8gb,ASUS DUAL OC RTX 5060 Ti 8GB,,RTX 5060 Ti,8GB,アプライド,,確認できず,未確認,,容量別に検索したが該当新品の商品ページ・価格・在庫を確定できず
2026-10-09,GPU,gpu-asus-dual-oc-rtx-5060-ti-16gb,ASUS DUAL OC RTX 5060 Ti 16GB,,RTX 5060 Ti,16GB,アーク,159800,在庫あり,購入可,https://www.ark-pc.co.jp/i/20107592/,VRAM 16GBを商品名／型番で確認／16GBモデル
2026-10-09,GPU,gpu-asus-dual-oc-rtx-5060-ti-16gb,ASUS DUAL OC RTX 5060 Ti 16GB,,RTX 5060 Ti,16GB,ツクモ,159800,在庫あり／24時間以内に出荷,購入可,https://shop.tsukumo.co.jp/goods/0197105994300/,VRAM 16GBを商品名／型番で確認
2026-10-09,GPU,gpu-asus-dual-oc-rtx-5060-ti-16gb,ASUS DUAL OC RTX 5060 Ti 16GB,,RTX 5060 Ti,16GB,ドスパラ,159800,在庫あり,購入可,https://www.dospara.co.jp/SBR1892/IC525633.html,VRAM 16GBを商品名／型番で確認／16GBモデル
2026-10-09,GPU,gpu-asus-dual-oc-rtx-5060-ti-16gb,ASUS DUAL OC RTX 5060 Ti 16GB,,RTX 5060 Ti,16GB,パソコン工房,149800,当日出荷,購入可,https://www.pc-koubou.jp/products/detail.php?product_id=1177118,VRAM 16GBを商品名／型番で確認／16GBモデル／ホワイトモデル
2026-10-09,GPU,gpu-asus-dual-oc-rtx-5060-ti-16gb,ASUS DUAL OC RTX 5060 Ti 16GB,,RTX 5060 Ti,16GB,アプライド,,確認できず,未確認,,容量別に検索したが該当新品の商品ページ・価格・在庫を確定できず
2026-10-09,GPU,gpu-msi-gaming-oc-rtx-5060-ti-8gb,MSI GAMING OC RTX 5060 Ti 8GB,,RTX 5060 Ti,8GB,アーク,,取扱終了,取扱終了,https://www.ark-pc.co.jp/i/20107587/,VRAM 8GBを商品名／型番で確認／8GBモデル
2026-10-09,GPU,gpu-msi-gaming-oc-rtx-5060-ti-8gb,MSI GAMING OC RTX 5060 Ti 8GB,,RTX 5060 Ti,8GB,ツクモ,,在庫なし,購入不可,https://shop.tsukumo.co.jp/goods/4711377336796/,VRAM 8GBを商品名／型番で確認
2026-10-09,GPU,gpu-msi-gaming-oc-rtx-5060-ti-8gb,MSI GAMING OC RTX 5060 Ti 8GB,,RTX 5060 Ti,8GB,ドスパラ,,在庫なし,購入不可,https://www.dospara.co.jp/SBR1892/IC525608.html,VRAM 8GBを商品名／型番で確認／8GBモデル
2026-10-09,GPU,gpu-msi-gaming-oc-rtx-5060-ti-8gb,MSI GAMING OC RTX 5060 Ti 8GB,,RTX 5060 Ti,8GB,パソコン工房,,確認できず,未確認,,容量別に検索したが該当新品の商品ページ・価格・在庫を確定できず
2026-10-09,GPU,gpu-msi-gaming-oc-rtx-5060-ti-8gb,MSI GAMING OC RTX 5060 Ti 8GB,,RTX 5060 Ti,8GB,アプライド,,確認できず,未確認,,容量別に検索したが該当新品の商品ページ・価格・在庫を確定できず
2026-10-09,GPU,gpu-msi-gaming-oc-rtx-5060-ti-16gb,MSI GAMING OC RTX 5060 Ti 16GB,,RTX 5060 Ti,16GB,アーク,,取扱終了,取扱終了,https://www.ark-pc.co.jp/i/20107585/,VRAM 16GBを商品名／型番で確認／16GBモデル／取得元クロール: 2 weeks ago
2026-10-09,GPU,gpu-msi-gaming-oc-rtx-5060-ti-16gb,MSI GAMING OC RTX 5060 Ti 16GB,,RTX 5060 Ti,16GB,ツクモ,,在庫なし,購入不可,https://shop.tsukumo.co.jp/goods/4711377335720/,VRAM 16GBを商品名／型番で確認
2026-10-09,GPU,gpu-msi-gaming-oc-rtx-5060-ti-16gb,MSI GAMING OC RTX 5060 Ti 16GB,,RTX 5060 Ti,16GB,ドスパラ,,在庫なし,購入不可,https://www.dospara.co.jp/SBR1892/IC525605.html,VRAM 16GBを商品名／型番で確認／16GBモデル
2026-10-09,GPU,gpu-msi-gaming-oc-rtx-5060-ti-16gb,MSI GAMING OC RTX 5060 Ti 16GB,,RTX 5060 Ti,16GB,パソコン工房,,確認できず,未確認,,容量別に検索したが該当新品の商品ページ・価格・在庫を確定できず
2026-10-09,GPU,gpu-msi-gaming-oc-rtx-5060-ti-16gb,MSI GAMING OC RTX 5060 Ti 16GB,,RTX 5060 Ti,16GB,アプライド,,確認できず,未確認,,容量別に検索したが該当新品の商品ページ・価格・在庫を確定できず
2026-10-09,GPU,gpu-msi-ventus-2x-oc-plus-rtx-5060-ti-8gb,MSI VENTUS 2X OC PLUS RTX 5060 Ti 8GB,,RTX 5060 Ti,8GB,アーク,104800,在庫あり,購入可,https://www.ark-pc.co.jp/i/20107610/,VRAM 8GBを商品名／型番で確認／8GBモデル
2026-10-09,GPU,gpu-msi-ventus-2x-oc-plus-rtx-5060-ti-8gb,MSI VENTUS 2X OC PLUS RTX 5060 Ti 8GB,,RTX 5060 Ti,8GB,ツクモ,104800,在庫あり／24時間以内に出荷,購入可,https://shop.tsukumo.co.jp/goods/4711377338868/,VRAM 8GBを商品名／型番で確認
2026-10-09,GPU,gpu-msi-ventus-2x-oc-plus-rtx-5060-ti-8gb,MSI VENTUS 2X OC PLUS RTX 5060 Ti 8GB,,RTX 5060 Ti,8GB,ドスパラ,104800,在庫あり,購入可,https://www.dospara.co.jp/SBR1892/IC526209.html,VRAM 8GBを商品名／型番で確認／8GBモデル
2026-10-09,GPU,gpu-msi-ventus-2x-oc-plus-rtx-5060-ti-8gb,MSI VENTUS 2X OC PLUS RTX 5060 Ti 8GB,,RTX 5060 Ti,8GB,パソコン工房,,確認できず,未確認,,容量別に検索したが該当新品の商品ページ・価格・在庫を確定できず
2026-10-09,GPU,gpu-msi-ventus-2x-oc-plus-rtx-5060-ti-8gb,MSI VENTUS 2X OC PLUS RTX 5060 Ti 8GB,,RTX 5060 Ti,8GB,アプライド,,確認できず,未確認,,容量別に検索したが該当新品の商品ページ・価格・在庫を確定できず
2026-10-09,GPU,gpu-msi-ventus-2x-oc-plus-rtx-5060-ti-16gb,MSI VENTUS 2X OC PLUS RTX 5060 Ti 16GB,,RTX 5060 Ti,16GB,アーク,139800,在庫あり,購入可,https://www.ark-pc.co.jp/i/20107586/,VRAM 16GBを商品名／型番で確認／16GBモデル
2026-10-09,GPU,gpu-msi-ventus-2x-oc-plus-rtx-5060-ti-16gb,MSI VENTUS 2X OC PLUS RTX 5060 Ti 16GB,,RTX 5060 Ti,16GB,ツクモ,139800,在庫あり／24時間以内に出荷,購入可,https://shop.tsukumo.co.jp/goods/4711377334471/,VRAM 16GBを商品名／型番で確認
2026-10-09,GPU,gpu-msi-ventus-2x-oc-plus-rtx-5060-ti-16gb,MSI VENTUS 2X OC PLUS RTX 5060 Ti 16GB,,RTX 5060 Ti,16GB,ドスパラ,139800,在庫あり,購入可,https://www.dospara.co.jp/SBR1892/IC525607.html,VRAM 16GBを商品名／型番で確認／16GBモデル
2026-10-09,GPU,gpu-msi-ventus-2x-oc-plus-rtx-5060-ti-16gb,MSI VENTUS 2X OC PLUS RTX 5060 Ti 16GB,,RTX 5060 Ti,16GB,パソコン工房,139800,当日出荷,購入可,https://www.pc-koubou.jp/products/detail.php?product_id=1141798,VRAM 16GBを商品名／型番で確認
2026-10-09,GPU,gpu-msi-ventus-2x-oc-plus-rtx-5060-ti-16gb,MSI VENTUS 2X OC PLUS RTX 5060 Ti 16GB,,RTX 5060 Ti,16GB,アプライド,,確認できず,未確認,,容量別に検索したが該当新品の商品ページ・価格・在庫を確定できず
2026-10-09,GPU,gpu-msi-inspire-2x-oc-rtx-5060-ti-8gb,MSI INSPIRE 2X OC RTX 5060 Ti 8GB,,RTX 5060 Ti,8GB,アーク,,取扱終了,取扱終了,https://www.ark-pc.co.jp/i/20107588/,VRAM 8GBを商品名／型番で確認／8GBモデル
2026-10-09,GPU,gpu-msi-inspire-2x-oc-rtx-5060-ti-8gb,MSI INSPIRE 2X OC RTX 5060 Ti 8GB,,RTX 5060 Ti,8GB,ツクモ,,販売終了,取扱終了,https://shop.tsukumo.co.jp/goods/4711377341417/,VRAM 8GBを商品名／型番で確認
2026-10-09,GPU,gpu-msi-inspire-2x-oc-rtx-5060-ti-8gb,MSI INSPIRE 2X OC RTX 5060 Ti 8GB,,RTX 5060 Ti,8GB,ドスパラ,,在庫なし,購入不可,https://www.dospara.co.jp/SBR1892/IC525609.html,VRAM 8GBを商品名／型番で確認／8GBモデル
2026-10-09,GPU,gpu-msi-inspire-2x-oc-rtx-5060-ti-8gb,MSI INSPIRE 2X OC RTX 5060 Ti 8GB,,RTX 5060 Ti,8GB,パソコン工房,,確認できず,未確認,,容量別に検索したが該当新品の商品ページ・価格・在庫を確定できず
2026-10-09,GPU,gpu-msi-inspire-2x-oc-rtx-5060-ti-8gb,MSI INSPIRE 2X OC RTX 5060 Ti 8GB,,RTX 5060 Ti,8GB,アプライド,,確認できず,未確認,,容量別に検索したが該当新品の商品ページ・価格・在庫を確定できず
2026-10-09,GPU,gpu-msi-inspire-2x-oc-rtx-5060-ti-16gb,MSI INSPIRE 2X OC RTX 5060 Ti 16GB,,RTX 5060 Ti,16GB,アーク,,取扱終了,取扱終了,https://www.ark-pc.co.jp/i/20107622/,VRAM 16GBを商品名／型番で確認／16GBモデル
2026-10-09,GPU,gpu-msi-inspire-2x-oc-rtx-5060-ti-16gb,MSI INSPIRE 2X OC RTX 5060 Ti 16GB,,RTX 5060 Ti,16GB,ツクモ,,販売終了,取扱終了,https://shop.tsukumo.co.jp/goods/4711377335768/,VRAM 16GBを商品名／型番で確認
2026-10-09,GPU,gpu-msi-inspire-2x-oc-rtx-5060-ti-16gb,MSI INSPIRE 2X OC RTX 5060 Ti 16GB,,RTX 5060 Ti,16GB,ドスパラ,,在庫なし,購入不可,https://www.dospara.co.jp/SBR1892/IC527334.html,VRAM 16GBを商品名／型番で確認／16GBモデル
2026-10-09,GPU,gpu-msi-inspire-2x-oc-rtx-5060-ti-16gb,MSI INSPIRE 2X OC RTX 5060 Ti 16GB,,RTX 5060 Ti,16GB,パソコン工房,,確認できず,未確認,,容量別に検索したが該当新品の商品ページ・価格・在庫を確定できず
2026-10-09,GPU,gpu-msi-inspire-2x-oc-rtx-5060-ti-16gb,MSI INSPIRE 2X OC RTX 5060 Ti 16GB,,RTX 5060 Ti,16GB,アプライド,,確認できず,未確認,,容量別に検索したが該当新品の商品ページ・価格・在庫を確定できず
2026-10-09,GPU,gpu-gigabyte-windforce-max-oc-rtx-5060-ti-8gb,GIGABYTE WINDFORCE MAX OC RTX 5060 Ti 8GB,,RTX 5060 Ti,8GB,アーク,,在庫なし,購入不可,https://www.ark-pc.co.jp/i/20107800/,VRAM 8GBを商品名／型番で確認／8GBモデル
2026-10-09,GPU,gpu-gigabyte-windforce-max-oc-rtx-5060-ti-8gb,GIGABYTE WINDFORCE MAX OC RTX 5060 Ti 8GB,,RTX 5060 Ti,8GB,ツクモ,89800,在庫あり／24時間以内に出荷,購入可,https://shop.tsukumo.co.jp/goods/4988755075657/,VRAM 8GBを商品名／型番で確認
2026-10-09,GPU,gpu-gigabyte-windforce-max-oc-rtx-5060-ti-8gb,GIGABYTE WINDFORCE MAX OC RTX 5060 Ti 8GB,,RTX 5060 Ti,8GB,ドスパラ,,確認できず,未確認,,容量別に検索したが該当新品の商品ページ・価格・在庫を確定できず
2026-10-09,GPU,gpu-gigabyte-windforce-max-oc-rtx-5060-ti-8gb,GIGABYTE WINDFORCE MAX OC RTX 5060 Ti 8GB,,RTX 5060 Ti,8GB,パソコン工房,,確認できず,未確認,,容量別に検索したが該当新品の商品ページ・価格・在庫を確定できず
2026-10-09,GPU,gpu-gigabyte-windforce-max-oc-rtx-5060-ti-8gb,GIGABYTE WINDFORCE MAX OC RTX 5060 Ti 8GB,,RTX 5060 Ti,8GB,アプライド,,確認できず,未確認,,容量別に検索したが該当新品の商品ページ・価格・在庫を確定できず
2026-10-09,GPU,gpu-gigabyte-windforce-max-oc-rtx-5060-ti-16gb,GIGABYTE WINDFORCE MAX OC RTX 5060 Ti 16GB,,RTX 5060 Ti,16GB,アーク,,在庫なし,購入不可,https://www.ark-pc.co.jp/i/20107712/,VRAM 16GBを商品名／型番で確認／16GBモデル
2026-10-09,GPU,gpu-gigabyte-windforce-max-oc-rtx-5060-ti-16gb,GIGABYTE WINDFORCE MAX OC RTX 5060 Ti 16GB,,RTX 5060 Ti,16GB,ツクモ,,在庫なし,購入不可,https://shop.tsukumo.co.jp/goods/4988755073844/,VRAM 16GBを商品名／型番で確認
2026-10-09,GPU,gpu-gigabyte-windforce-max-oc-rtx-5060-ti-16gb,GIGABYTE WINDFORCE MAX OC RTX 5060 Ti 16GB,,RTX 5060 Ti,16GB,ドスパラ,,確認できず,未確認,,容量別に検索したが該当新品の商品ページ・価格・在庫を確定できず
2026-10-09,GPU,gpu-gigabyte-windforce-max-oc-rtx-5060-ti-16gb,GIGABYTE WINDFORCE MAX OC RTX 5060 Ti 16GB,,RTX 5060 Ti,16GB,パソコン工房,,確認できず,未確認,,容量別に検索したが該当新品の商品ページ・価格・在庫を確定できず
2026-10-09,GPU,gpu-gigabyte-windforce-max-oc-rtx-5060-ti-16gb,GIGABYTE WINDFORCE MAX OC RTX 5060 Ti 16GB,,RTX 5060 Ti,16GB,アプライド,,確認できず,未確認,,容量別に検索したが該当新品の商品ページ・価格・在庫を確定できず
2026-10-09,GPU,gpu-palit-infinity-3-oc-rtx-5060-ti-8gb,Palit Infinity 3 OC RTX 5060 Ti 8GB,,RTX 5060 Ti,8GB,アーク,,確認できず,未確認,,このシリーズの8GB製品の存在・5店舗の取扱いを確認できず。別容量の価格は流用していない
2026-10-09,GPU,gpu-palit-infinity-3-oc-rtx-5060-ti-8gb,Palit Infinity 3 OC RTX 5060 Ti 8GB,,RTX 5060 Ti,8GB,ツクモ,,確認できず,未確認,,このシリーズの8GB製品の存在・5店舗の取扱いを確認できず。別容量の価格は流用していない
2026-10-09,GPU,gpu-palit-infinity-3-oc-rtx-5060-ti-8gb,Palit Infinity 3 OC RTX 5060 Ti 8GB,,RTX 5060 Ti,8GB,ドスパラ,,確認できず,未確認,,このシリーズの8GB製品の存在・5店舗の取扱いを確認できず。別容量の価格は流用していない
2026-10-09,GPU,gpu-palit-infinity-3-oc-rtx-5060-ti-8gb,Palit Infinity 3 OC RTX 5060 Ti 8GB,,RTX 5060 Ti,8GB,パソコン工房,,確認できず,未確認,,このシリーズの8GB製品の存在・5店舗の取扱いを確認できず。別容量の価格は流用していない
2026-10-09,GPU,gpu-palit-infinity-3-oc-rtx-5060-ti-8gb,Palit Infinity 3 OC RTX 5060 Ti 8GB,,RTX 5060 Ti,8GB,アプライド,,確認できず,未確認,,このシリーズの8GB製品の存在・5店舗の取扱いを確認できず。別容量の価格は流用していない
2026-10-09,GPU,gpu-palit-infinity-3-oc-rtx-5060-ti-16gb,Palit Infinity 3 OC RTX 5060 Ti 16GB,,RTX 5060 Ti,16GB,アーク,,確認できず,未確認,,容量別に検索したが該当新品の商品ページ・価格・在庫を確定できず
2026-10-09,GPU,gpu-palit-infinity-3-oc-rtx-5060-ti-16gb,Palit Infinity 3 OC RTX 5060 Ti 16GB,,RTX 5060 Ti,16GB,ツクモ,,確認できず,未確認,,容量別に検索したが該当新品の商品ページ・価格・在庫を確定できず
2026-10-09,GPU,gpu-palit-infinity-3-oc-rtx-5060-ti-16gb,Palit Infinity 3 OC RTX 5060 Ti 16GB,,RTX 5060 Ti,16GB,ドスパラ,139800,在庫あり,購入可,https://www.dospara.co.jp/SBR1892/IC580817.html,VRAM 16GBを商品名／型番で確認／16GBモデル
2026-10-09,GPU,gpu-palit-infinity-3-oc-rtx-5060-ti-16gb,Palit Infinity 3 OC RTX 5060 Ti 16GB,,RTX 5060 Ti,16GB,パソコン工房,,確認できず,未確認,,容量別に検索したが該当新品の商品ページ・価格・在庫を確定できず
2026-10-09,GPU,gpu-palit-infinity-3-oc-rtx-5060-ti-16gb,Palit Infinity 3 OC RTX 5060 Ti 16GB,,RTX 5060 Ti,16GB,アプライド,,確認できず,未確認,,容量別に検索したが該当新品の商品ページ・価格・在庫を確定できず
2026-10-09,GPU,gpu-palit-dual-rtx-5060-ti-8gb,Palit Dual RTX 5060 Ti 8GB,,RTX 5060 Ti,8GB,アーク,,確認できず,未確認,,容量別に検索したが該当新品の商品ページ・価格・在庫を確定できず
2026-10-09,GPU,gpu-palit-dual-rtx-5060-ti-8gb,Palit Dual RTX 5060 Ti 8GB,,RTX 5060 Ti,8GB,ツクモ,,確認できず,未確認,,容量別に検索したが該当新品の商品ページ・価格・在庫を確定できず
2026-10-09,GPU,gpu-palit-dual-rtx-5060-ti-8gb,Palit Dual RTX 5060 Ti 8GB,,RTX 5060 Ti,8GB,ドスパラ,79800,在庫あり,購入可,https://www.dospara.co.jp/SBR1892/IC523107.html,VRAM 8GBを商品名／型番で確認／8GBモデル
2026-10-09,GPU,gpu-palit-dual-rtx-5060-ti-8gb,Palit Dual RTX 5060 Ti 8GB,,RTX 5060 Ti,8GB,パソコン工房,,確認できず,未確認,,容量別に検索したが該当新品の商品ページ・価格・在庫を確定できず
2026-10-09,GPU,gpu-palit-dual-rtx-5060-ti-8gb,Palit Dual RTX 5060 Ti 8GB,,RTX 5060 Ti,8GB,アプライド,,確認できず,未確認,,容量別に検索したが該当新品の商品ページ・価格・在庫を確定できず
2026-10-09,GPU,gpu-palit-dual-rtx-5060-ti-16gb,Palit Dual RTX 5060 Ti 16GB,,RTX 5060 Ti,16GB,アーク,,確認できず,未確認,,このシリーズの16GB製品の存在・5店舗の取扱いを確認できず。別容量の価格は流用していない
2026-10-09,GPU,gpu-palit-dual-rtx-5060-ti-16gb,Palit Dual RTX 5060 Ti 16GB,,RTX 5060 Ti,16GB,ツクモ,,確認できず,未確認,,このシリーズの16GB製品の存在・5店舗の取扱いを確認できず。別容量の価格は流用していない
2026-10-09,GPU,gpu-palit-dual-rtx-5060-ti-16gb,Palit Dual RTX 5060 Ti 16GB,,RTX 5060 Ti,16GB,ドスパラ,,確認できず,未確認,,このシリーズの16GB製品の存在・5店舗の取扱いを確認できず。別容量の価格は流用していない
2026-10-09,GPU,gpu-palit-dual-rtx-5060-ti-16gb,Palit Dual RTX 5060 Ti 16GB,,RTX 5060 Ti,16GB,パソコン工房,,確認できず,未確認,,このシリーズの16GB製品の存在・5店舗の取扱いを確認できず。別容量の価格は流用していない
2026-10-09,GPU,gpu-palit-dual-rtx-5060-ti-16gb,Palit Dual RTX 5060 Ti 16GB,,RTX 5060 Ti,16GB,アプライド,,確認できず,未確認,,このシリーズの16GB製品の存在・5店舗の取扱いを確認できず。別容量の価格は流用していない
2026-10-09,GPU,gpu-pny-overclocked-dual-fan-rtx-5060-ti-8gb,PNY Overclocked Dual Fan RTX 5060 Ti 8GB,,RTX 5060 Ti,8GB,アーク,,確認できず,未確認,,容量別に検索したが該当新品の商品ページ・価格・在庫を確定できず
2026-10-09,GPU,gpu-pny-overclocked-dual-fan-rtx-5060-ti-8gb,PNY Overclocked Dual Fan RTX 5060 Ti 8GB,,RTX 5060 Ti,8GB,ツクモ,95800,在庫あり／24時間以内に出荷,購入可,https://shop.tsukumo.co.jp/goods/0751492795652/,VRAM 8GBを商品名／型番で確認／8GBモデル
2026-10-09,GPU,gpu-pny-overclocked-dual-fan-rtx-5060-ti-8gb,PNY Overclocked Dual Fan RTX 5060 Ti 8GB,,RTX 5060 Ti,8GB,ドスパラ,,確認できず,未確認,,容量別に検索したが該当新品の商品ページ・価格・在庫を確定できず
2026-10-09,GPU,gpu-pny-overclocked-dual-fan-rtx-5060-ti-8gb,PNY Overclocked Dual Fan RTX 5060 Ti 8GB,,RTX 5060 Ti,8GB,パソコン工房,,確認できず,未確認,,容量別に検索したが該当新品の商品ページ・価格・在庫を確定できず
2026-10-09,GPU,gpu-pny-overclocked-dual-fan-rtx-5060-ti-8gb,PNY Overclocked Dual Fan RTX 5060 Ti 8GB,,RTX 5060 Ti,8GB,アプライド,,確認できず,未確認,,容量別に検索したが該当新品の商品ページ・価格・在庫を確定できず
2026-10-09,GPU,gpu-pny-overclocked-dual-fan-rtx-5060-ti-16gb,PNY Overclocked Dual Fan RTX 5060 Ti 16GB,,RTX 5060 Ti,16GB,アーク,,確認できず,未確認,,容量別に検索したが該当新品の商品ページ・価格・在庫を確定できず
2026-10-09,GPU,gpu-pny-overclocked-dual-fan-rtx-5060-ti-16gb,PNY Overclocked Dual Fan RTX 5060 Ti 16GB,,RTX 5060 Ti,16GB,ツクモ,,在庫なし,購入不可,https://shop.tsukumo.co.jp/goods/0751492795072/,VRAM 16GBを商品名／型番で確認／16GBモデル
2026-10-09,GPU,gpu-pny-overclocked-dual-fan-rtx-5060-ti-16gb,PNY Overclocked Dual Fan RTX 5060 Ti 16GB,,RTX 5060 Ti,16GB,ドスパラ,,確認できず,未確認,,容量別に検索したが該当新品の商品ページ・価格・在庫を確定できず
2026-10-09,GPU,gpu-pny-overclocked-dual-fan-rtx-5060-ti-16gb,PNY Overclocked Dual Fan RTX 5060 Ti 16GB,,RTX 5060 Ti,16GB,パソコン工房,,確認できず,未確認,,容量別に検索したが該当新品の商品ページ・価格・在庫を確定できず
2026-10-09,GPU,gpu-pny-overclocked-dual-fan-rtx-5060-ti-16gb,PNY Overclocked Dual Fan RTX 5060 Ti 16GB,,RTX 5060 Ti,16GB,アプライド,,確認できず,未確認,,容量別に検索したが該当新品の商品ページ・価格・在庫を確定できず
2026-10-09,GPU,gpu-galakuro-gaming-gg-rtx5060ti-e8gb-oc-df-rtx-5060-ti-8gb,玄人志向 GALAKURO GAMING GG-RTX5060Ti-E8GB/OC/DF RTX 5060 Ti 8GB,GG-RTX5060Ti-E8GB/OC/DF,RTX 5060 Ti,8GB,アーク,,取扱終了,取扱終了,https://www.ark-pc.co.jp/i/20107605/,VRAM 8GBを商品名／型番で確認／8GBモデル
2026-10-09,GPU,gpu-galakuro-gaming-gg-rtx5060ti-e8gb-oc-df-rtx-5060-ti-8gb,玄人志向 GALAKURO GAMING GG-RTX5060Ti-E8GB/OC/DF RTX 5060 Ti 8GB,GG-RTX5060Ti-E8GB/OC/DF,RTX 5060 Ti,8GB,ツクモ,,確認できず,未確認,,容量別に検索したが該当新品の商品ページ・価格・在庫を確定できず
2026-10-09,GPU,gpu-galakuro-gaming-gg-rtx5060ti-e8gb-oc-df-rtx-5060-ti-8gb,玄人志向 GALAKURO GAMING GG-RTX5060Ti-E8GB/OC/DF RTX 5060 Ti 8GB,GG-RTX5060Ti-E8GB/OC/DF,RTX 5060 Ti,8GB,ドスパラ,,在庫なし,購入不可,https://www.dospara.co.jp/SBR1892/IC525615.html,VRAM 8GBを商品名／型番で確認／8GBモデル
2026-10-09,GPU,gpu-galakuro-gaming-gg-rtx5060ti-e8gb-oc-df-rtx-5060-ti-8gb,玄人志向 GALAKURO GAMING GG-RTX5060Ti-E8GB/OC/DF RTX 5060 Ti 8GB,GG-RTX5060Ti-E8GB/OC/DF,RTX 5060 Ti,8GB,パソコン工房,,確認できず,未確認,,容量別に検索したが該当新品の商品ページ・価格・在庫を確定できず
2026-10-09,GPU,gpu-galakuro-gaming-gg-rtx5060ti-e8gb-oc-df-rtx-5060-ti-8gb,玄人志向 GALAKURO GAMING GG-RTX5060Ti-E8GB/OC/DF RTX 5060 Ti 8GB,GG-RTX5060Ti-E8GB/OC/DF,RTX 5060 Ti,8GB,アプライド,,確認できず,未確認,,容量別に検索したが該当新品の商品ページ・価格・在庫を確定できず
2026-10-09,GPU,gpu-galakuro-gaming-gg-rtx5060ti-e16gb-oc-df-rtx-5060-ti-16gb,玄人志向 GALAKURO GAMING GG-RTX5060Ti-E16GB/OC/DF RTX 5060 Ti 16GB,GG-RTX5060Ti-E16GB/OC/DF,RTX 5060 Ti,16GB,アーク,,取扱終了,取扱終了,https://www.ark-pc.co.jp/i/20107599/,VRAM 16GBを商品名／型番で確認／16GBモデル／取得元クロール: last month
2026-10-09,GPU,gpu-galakuro-gaming-gg-rtx5060ti-e16gb-oc-df-rtx-5060-ti-16gb,玄人志向 GALAKURO GAMING GG-RTX5060Ti-E16GB/OC/DF RTX 5060 Ti 16GB,GG-RTX5060Ti-E16GB/OC/DF,RTX 5060 Ti,16GB,ツクモ,,在庫なし,購入不可,https://shop.tsukumo.co.jp/goods/4988755072045/,VRAM 16GBを商品名／型番で確認／16GBモデル
2026-10-09,GPU,gpu-galakuro-gaming-gg-rtx5060ti-e16gb-oc-df-rtx-5060-ti-16gb,玄人志向 GALAKURO GAMING GG-RTX5060Ti-E16GB/OC/DF RTX 5060 Ti 16GB,GG-RTX5060Ti-E16GB/OC/DF,RTX 5060 Ti,16GB,ドスパラ,,確認できず,未確認,,容量別に検索したが該当新品の商品ページ・価格・在庫を確定できず
2026-10-09,GPU,gpu-galakuro-gaming-gg-rtx5060ti-e16gb-oc-df-rtx-5060-ti-16gb,玄人志向 GALAKURO GAMING GG-RTX5060Ti-E16GB/OC/DF RTX 5060 Ti 16GB,GG-RTX5060Ti-E16GB/OC/DF,RTX 5060 Ti,16GB,パソコン工房,,確認できず,未確認,,容量別に検索したが該当新品の商品ページ・価格・在庫を確定できず
2026-10-09,GPU,gpu-galakuro-gaming-gg-rtx5060ti-e16gb-oc-df-rtx-5060-ti-16gb,玄人志向 GALAKURO GAMING GG-RTX5060Ti-E16GB/OC/DF RTX 5060 Ti 16GB,GG-RTX5060Ti-E16GB/OC/DF,RTX 5060 Ti,16GB,アプライド,,確認できず,未確認,,容量別に検索したが該当新品の商品ページ・価格・在庫を確定できず
